wl,abs
4.0,0.28298496782029303
4.0030022516888,0.2830519322172514
4.0060090135203,0.28312231721308356
4.0090202956652,0.2831960939985404
4.012036108325,0.28327323388313663
4.0150564617315,0.28335370829789097
4.0180813661477,0.28343748879806985
4.0211108318673,0.28352454706586416
4.0241448692152995,0.2836148549130649
4.0271834885477,0.28370838428370787
4.0302267002519,0.2838051072566513
4.0332745147467,0.2839049960482025
4.0363269424823,0.2840080230146687
4.0393839939409,0.28411416065488865
4.0424456796362005,0.2842233816127779
4.0455120101138,0.28433565867982713
4.0485829959514,0.28445096479760645
4.0516586477589,0.2845692730602273
4.0547389761784,0.2846905567168404
4.0578239918844,0.2848147891740714
4.0609137055838,0.28494194399849826
4.0640081280163,0.28507199491907165
4.0671072699542,0.28520491582958685
4.070211142203,0.2853406807911094
4.0733197556008,0.2854792640344206
4.0764331210191,0.28562063996247355
4.0795512493626,0.28576478315283516
4.0826741515693,0.2859116683601298
4.0858018386108,0.28606127051853547
4.0889343214925,0.2862135647442312
4.0920716112532,0.2863685263378739
4.095213718966,0.2865261307871311
4.0983606557377,0.2866863537691761
4.1015124327096,0.2868491711532188
4.104669061057001,0.28701455900307826
4.1078305519897,0.28718249357971454
4.110996916752301,0.28735295134388733
4.1141681666238,0.28752590895871366
4.1173443129182,0.2877013432923766
4.1205253669843,0.2878792314207527
4.123711340206199,0.28805955063015487
4.126902244003101,0.2882422784200547
4.1300980898296,0.2884273925058691
4.1332988891759,0.2886148708217555
4.1365046535677,0.2888046915234703
4.1397153945666,0.2889968329912492
4.142931123770101,0.2891912738327267
4.146151852811601,0.28938799288592715
4.149377593361001,0.2895869692222284
4.1526083571243,0.28978818214944757
4.1558441558442,0.2899916112149495
4.1590850012997,0.2901972362087461
4.162330905307,0.29040503716673
4.1655818797188005,0.2906149943738937
4.1688379364251995,0.2908270883676143
4.1720990873533,0.29104129994101097
4.1753653444676,0.2912576101463059
4.1786367197702,0.2914760002982916
4.1819132253006,0.2916964519777894
4.1851948731363,0.2919189470352231
4.188481675392699,0.2921434675941871
4.1917736442232,0.2923699960550959
4.1950707918196,0.2925985150988918
4.198373130412,0.29282900769078235
4.2016806722689,0.2930614570840282
4.2049934296978,0.29329584682379417
4.2083114150447,0.2935321607510576
4.2116346406949,0.2937703830065282
4.214963119072699,0.2940104980346596
4.2182968626417,0.2942524905876534
4.221635883905,0.29449634572956757
4.2249801954053,0.29474204884039734
4.2283298097252,0.29498958562027094
4.2316847394869,0.2952389420936034
4.235044997353101,0.29549010461334574
4.238410596026499,0.29574305986523747
4.2417815482503,0.2959977948720814
4.2451578668082,0.2962542969980592
4.2485395645247,0.2965125539530401
4.2519266542652,0.29677255379695416
4.2553191489361994,0.29703428494411915
4.2587170614852,0.29729773616760613
4.262120404901401,0.2975628966035906
4.2655291922154,0.29782975575574105
4.268943436499501,0.29809830349952376
4.2723631508678,0.298368530086557
4.2757883484768,0.29864042614889813
4.2792190425247,0.29891398270333996
4.2826552462527,0.2991891911556184
4.286096972944001,0.299466043304633
4.2895442359249,0.2997445313465654
4.2929970485645,0.30002464787896316
4.296455424275,0.30030638590472214
4.2999193765117,0.3005897388360421
4.3033889187735,0.3008747004982281
4.306864064602999,0.3011612651334243
4.3103448275862,0.3014494274042432
4.3138312213535,0.3017391823972322
4.3173232595791,0.3020305256262581
4.3208209559816,0.3023234530356824
4.3243243243243,0.30261796100343386
4.3278333784149,0.3029140463438656
4.3313481321061,0.30321170631044414
4.3348685992956,0.30351093859821576
4.3383947939261995,0.3038117413460938
4.341926729986399,0.3041141131388556
4.34546442151,0.3044180530089673
4.3490078825767995,0.3047235604380433
4.352557127312299,0.30503063535813335
4.3561121698884,0.3053392781526158
4.3596730245232,0.3056494896568401
4.3632397054813,0.30596127115838756
4.3668122270742,0.306274624397004
4.3703906036602005,0.3065895515641576
4.3739748496446,0.30690605530215676
4.3775649794802005,0.30722413870292276
4.381161007667,0.30754380530626696
4.3847629487531,0.30786505909772804
4.3883708173341,0.3081879045059338
4.3919846280538,0.30851234639942426
4.3956043956044,0.30883839008299696
4.3992301347264,0.309166041293427
4.4028618602091,0.309495306194672
4.4064995868907,0.3098261913724145
4.4101433296582,0.31015870382800437
4.4137931034483,0.31049285097170914
4.4174489232468,0.3108286406152844
4.4211108040894995,0.31116608096382703
4.4247787610619,0.31150518060685267
4.4284528092997,0.31184594850859837
4.4321329639888996,0.31218839399748216
4.4358192403659995,0.31253252675474685
4.4395116537181005,0.31287835680215964
4.4432102193834995,0.313225894488818
4.4469149527515,0.313575150476961
4.4506258692628995,0.31392613572678146
4.4543429844098,0.3142788614801784
4.4580663137364,0.3146333392433952
4.4617958728388,0.31498958076854333
4.4655316773653,0.31534759803388746
4.4692737430168,0.3157074032229251
4.473022085546501,0.31606900870213017
4.4767767207611,0.3164324269973457
4.480537664519701,0.3167976707687964
4.4843049327354,0.3171647527845648
4.4880785413745,0.31753368589255354
4.491858506457,0.3179044829908498
4.4956448440573,0.3182771569963902
4.499437570303701,0.3186517208118725
4.5032367013791,0.31902818729085014
4.5070422535211,0.3194065692009023
4.510854243022299,0.3197868791848276
4.514672686230201,0.3201691297197574
4.5184975995481,0.3205533330741308
4.522328999434699,0.32093950126240417
4.5261669024045,0.3213276459974436
4.5300113250283,0.3217177786405088
4.5338622839331,0.32210991014876345
4.5377197958026,0.3225040510201741
4.5415838773772,0.3229002112358172
4.5454545454545,0.32329840019945827
4.5493318168894,0.32369862667441013
4.5532157085942,0.32410089871758196
4.5571062375392,0.324505223610783
4.561003420752599,0.32491160778922246
4.5649072753210005,0.32532005676733433
4.568817818389499,0.3257305750619587
4.572735067161999,0.32614316611307
4.5766590389016,0.3265578322022653
4.5805897509304,0.32697457436927413
4.5845272206304,0.3273933923269051
4.5884714654431,0.32781428437495597
4.5924225028703,0.3282372473136113
4.596380350474,0.32866227635728584
4.6003450258769,0.3290893650497374
4.6043165467626,0.3295185051817155
4.6082949308756,0.3299496867126298
4.6122801960219,0.3303828976978491
4.6162723600692,0.33081812422388523
4.6202714409472,0.33125535035374243
4.6242774566474,0.3316945580854431
4.6282904252242,0.3321357273270374
4.6323103647943995,0.33257883589201803
4.636337293538101,0.33302385951965063
4.640371229698401,0.33347077192533336
4.644412191582,0.3339195448868156
4.6484601975596,0.33437014837273304
4.6525152660657,0.3348225507208112
4.656577415599499,0.3352767188734855
4.6606466647247,0.3357326186797166
4.66472303207,0.3361902152719184
4.668806536329099,0.3366494735276391
4.6728971962617,0.3371103586255923
4.6769950306928,0.33757283670552135
4.6811000585136995,0.3380368756407029
4.685212298682299,0.3385024459308842
4.6893317702227,0.33896952172137257
4.6934584922265,0.3394380819515025
4.6975924838520005,0.33990811163192525
4.701733764325599,0.3403796032454695
4.705882352941201,0.34085255826030353
4.710038269060901,0.3413269887370765
4.7142015321155,0.3418029190032286
4.718372161604201,0.3422803873583585
4.7225501770955995,0.34275944776422534
4.7267355982275,0.3432401714627209
4.7309284447073,0.3437226484547532
4.7351287363125,0.34420698876408556
4.739336492891,0.34469332340330444
4.7435517343611,0.34518180495536044
4.7477744807121995,0.34567260768475705
4.7520047520048,0.34616592709866834
4.7562425683709995,0.3466619788905378
4.7604879500149,0.34716099721768723
4.7647409172126,0.34766323229034213
4.769001490313,0.3481689472806265
4.7732696897375,0.3486784145962066
4.7775455359809005,0.349191911600883
4.7818290496115,0.3497097159016534
4.7861202512713,0.35023210035489527
4.7904191616766,0.35075932797014675
4.794725801618201,0.35129164690608405
4.7990401919616,0.3518292857569961
4.8033623536476,0.35237244931881856
4.8076923076923,0.35292131500190826
4.812030075188001,0.3534760300242692
4.8163756773027995,0.3540367094774551
4.8207291352817006,0.3546034353105685
4.8250904704463,0.35517625623007815
4.8294597041956004,0.35575518846852483
4.833836858005999,0.3563402173358894
4.8382219534321,0.3569312994377825
4.8426150121065,0.357528365423704
4.8470160557407,0.35813132311907503
4.8514251061249,0.3587400608942727
4.855842185129,0.35935445113198816
4.8602673147023,0.3599743536688773
4.8647005168744,0.36059961910639254
4.8691418137553,0.3612300919071609
4.873591227535799,0.36186561321530114
4.8780487804878,0.3625060233600426
4.882514494964901,0.36315116402126113
4.8869883934026,0.36380088005167316
4.891470498318601,0.36445502096395416
4.8959608323133,0.36511344210102303
4.9004594180704,0.36577600551498785
4.9049662783568,0.3664425805848641
4.909481436023301,0.36711304440539344
4.9140049140049,0.36778728197987576
4.9185367353212,0.3684651862489545
4.9230769230769,0.36914665798551505
4.927625500462,0.36983160558323386
4.9321824907522,0.3705199447634287
4.9367479173095,0.3712115982217608
4.9413218035825,0.3719064952333141
4.9459041731066,0.3726045712316418
4.9504950495049,0.37330576737454785
4.9550944564881005,0.37401003010714134
4.9597024178549,0.37471731073019127
4.964318957493,0.3754275649803316
4.9689440993789,0.3761407526266289
4.9735778675785,0.37685683708701473
4.9782202862477,0.37757578506674455
4.9828713796325,0.3782975662202615
4.9875311720698,0.3790221528370344
4.992199687987499,0.37974951955145353
4.9968769519051,0.3804796430763096
5.0015629884339,0.3812125019592007
5.0062578222778,0.3819480763608759
5.0109614782336,0.38268634785438105
5.0156739811912,0.38342729924381436
5.0203953561342995,0.38417091440142426
5.0251256281407,0.3849171781217041
5.0298648223828994,0.38566607599130137
5.034612964128399,0.38641759427343236
5.0393700787402,0.38717171980563664
5.0441361916772,0.38792843990969894
5.0489113284948,0.38868774231277087
5.0536955148452,0.3894496150785144
5.058488776478,0.3902140465475599
5.0632911392405004,0.39098102528618756
5.0681026290782,0.3917505400426158
5.0729232720355,0.3925225797100613
5.0777530942558,0.3932971332959349
5.0825921219822,0.3940741898966012
5.087440381558,0.3948537386770355
5.0922978994271,0.3956357688550374
5.0971647021344,0.3964202696893593
5.1020408163265,0.397207230471495
5.106926268752001,0.3979966405206634
5.111821086262,0.3987884891816612
5.1167252958107,0.3995827658252871
5.121638924455801,0.40037945985110235
5.1265619993591995,0.4011785606921755
5.131494547787,0.4019800578217012
5.1364365971108,0.4027839407612325
5.1413881748072,0.40359019909034627
5.1463493084593,0.4043988224575925
5.1513200257566005,0.405209800592555
5.1563003544956,0.4060231233189597
5.161290322580601,0.4068387805686167
5.1662899580239,0.4076567623961624
5.1712992889463,0.40847705899444564
5.1763183435781,0.4092996607105557
5.1813471502591,0.41012455806231296
5.1863857374392,0.4109517417552114
5.191434133679399,0.41178120269976387
5.1964923676518,0.4126129320291204
5.2015604681404,0.4134469211169927
5.2066384640417,0.41428316159576556
5.2117263843648,0.4151216453748033
5.2168242582328,0.4159623646588832
5.2219321148825,0.41680531196674786
5.2270499836655,0.4176504801496763
5.2321778940484,0.41849786241017684
5.2373158756137,0.4193474523206103
5.242463958060299,0.4201992438418531
5.247622171203701,0.42105323134191425
5.252790544977,0.4219094096145014
5.2579691094315,0.4227677738975263
5.2631578947368,0.423628319891478
5.2683569311821,0.4244910437777829
5.2735662491760005,0.4253559422369475
5.2787858792478,0.42622301246665545
5.2840158520476,0.4270922521996875
5.2892561983471,0.42796365972169054
5.2945069490404,0.4288372338888155
5.2997681351441,0.42971297414515996
5.3050397877984,0.43059088054006417
5.310321938267499,0.4314709537452035
5.3156146179402,0.4323531950715192
5.3209178583306,0.43323760648595927
5.3262316910786005,0.43412419062798313
5.3315561479507,0.435012950825949
5.3368912608406,0.43590389111321437
5.3422370617696,0.4367970162440989
5.3475935828877,0.4376923317095986
5.3529608564737,0.43858984375293786
5.3583389149364,0.43948955938484974
5.3637277908145995,0.44039148639874304
5.3691275167785,0.4412956333855443
5.374538125629799,0.44220200974844326
5.3799596503026,0.44311062571734494
5.3853921238639995,0.4440214923631868
5.3908355795148,0.44493462161198005
5.3962900505902,0.4458500262587244
5.4017555705604,0.4467677199810266
5.4072321730313995,0.44768771735263085
5.4127198917456,0.44861003385664877
5.4182187605825005,0.44953468589867485
5.4237288135593,0.4504616908196513
5.429250084832,0.45139106690858666
5.4347826086957,0.45232283341504753
5.4403264195852,0.4532570105615257
5.4458815520762,0.45419361955554644
5.4514480408859,0.4551326826016983
5.4570259208731,0.45607422291340305
5.462615227039899,0.4570182647245625
5.4682159945318,0.45796483330103194
5.473828258638401,0.4589139549519387
5.479452054794501,0.4598656570408412
5.4850874185807,0.46081996799670877
5.4907343857241,0.46177691732480936
5.4963929920989,0.46273653561738276
5.5020632737276,0.46369885456421933
5.5077452667813995,0.4646639069631096
5.513439007581,0.46563172673008096
5.5191445325974,0.4666023489096257
5.524861878453,0.4675758096846564
5.5305910819219,0.46855214638648357
5.5363321799308,0.4695313975045401
5.5420852095601,0.47051360269608083
5.5478502080444,0.4714988027957081
5.5536272127733,0.472487039824794
5.559416261292601,0.4734783570008264
5.5652173913043,0.4744727987465669
5.5710306406685,0.4754704106991966
5.5768560474033,0.47647123971925603
5.582693649686,0.477475333899535
5.588543485854,0.47848274257385776
5.5944055944055995,0.4794935163257225
5.6002800140007,0.4805077069968551
5.6061667834618,0.48152536769565685
5.6120659417748,0.48254655280554704
5.6179775280899005,0.4835713179931717
5.6239015817223,0.4845997202165235
5.6298381421534005,0.48563181773292996
5.6357872490313,0.48666767010692785
5.6417489421721,0.48770733821802
5.647723261560199,0.4887508842682996
5.6537102473497995,0.48979837178995567
5.6597099398656,0.4908498656526168
5.665722379603401,0.49190543207058846
5.6717476072315005,0.49296513860991553
5.677785663591201,0.4940290541952976
5.683836589698,0.49509724911685005
5.6899004267425,0.4961697950366901
5.6959772160911,0.497246764995303
5.7020669992872,0.49832823341782
5.7081698180521,0.4994142761199789
5.7142857142857,0.5005049703139415
5.720414730067899,0.5016003946138639
5.7265569076593,0.5027006290412485
5.732712289502,0.5038057550300239
5.738880918220899,0.5049158554313588
5.7450628366248,0.5060310145182063
5.7512580877067006,0.5071513179895634
5.7574667146456004,0.508276852974369
5.7636887608069,0.5094077080351266
5.769924269744,0.5105439731711146
5.7761732851986,0.5116857398212921
5.7824358511023,0.5128331008667376
5.7887120115774,0.5139861506327452
5.7950018109381,0.5151449848904057
5.8013052936911,0.5163097008578289
5.8076225045372,0.5174803972007468
5.8139534883721,0.5186571740327743
5.8202982902874,0.5198401329149817
5.8266569555717,0.5210293768549953
5.833029529712,0.5222250103055255
5.8394160583942005,0.5234271391622259
5.8458165875046,0.5246358707609791
5.8522311631309005,0.525851313874497
5.8586598315635,0.527073578708257
5.8651026392962,0.5283027768957349
5.8715596330275,0.5295390214929222
5.878030859662,0.5307824269720869
5.8845163663111,0.5320331092148263
5.8910162002945,0.5332911855042917
5.8975304091412,0.5345567745167196
5.9040590405904005,0.535829996312112
5.910602142593301,0.5371109723241785
5.9171597633136,0.5383998253495076
5.9237319511291995,0.539696679535963
5.9303187546331,0.541001660370342
5.9369202226345,0.5423148946653211
5.9435364041605,0.5436365105457016
5.9501673484567,0.5449666374339861
5.956813104988799,0.5463054060353885
5.9634737234439,0.5476529483222357
5.9701492537313,0.5490093975178387
5.9768397459843,0.5503748880799314
5.983545250561,0.551749555683644
5.9902658180457005,0.5531335372041517
5.9970014992504,0.5545269706989056
6.0037523452158,0.5559299953895683
6.0105184072126,0.5573427516436281
6.0172997367431,0.5587653809555714
6.0240963855422,0.5601980259277309
6.030908405578599,0.5616408302504768
6.037735849056601,0.5630939386817527
6.0445787684171,0.564557497025666
6.0514372163389,0.5660316521098617
6.0583112457402,0.5675165517613164
6.0652009097801,0.5690123447801373
6.0721062618596,0.5705191809108473
6.079027355623101,0.5720372108106165
6.0859642449601,0.5735665860138096
6.0929169840061,0.5751074588921538
6.0998856271445,0.5766599826099149
6.1068702290076,0.5782243110732752
6.1138708444784,0.5798005988733993
6.1208875286917,0.5813890012224499
6.1279203370356,0.5829896738820917
6.1349693251534,0.5846027730841203
6.1420345489443,0.5862284554428799
6.1491160645657,0.5878668778594693
6.156213928434,0.5895181974176859
6.1633281972265,0.5911825712721754
6.1704589278828,0.5928601565289672
6.1776061776062,0.5945511101192171
6.1847700038655,0.5962555886667259
6.1919504643963,0.5979737483500877
6.199147617202599,0.5997057447602777
6.2063615205586,0.6014517327546635
6.2135922330097,0.6032118663080382
6.220839813374799,0.6049862983616259
6.2281043207474,0.606775180670546
6.2353858144973,0.6085786636502071
6.2426843542723,0.6103968962220795
6.25,0.6122300256588084
6.2573328118889,0.6140781974288188
6.2646828504307,0.6159415550401411
6.272050176401399,0.6178202398832524
6.2794348508634,0.6197143910724513
6.286836935167,0.6216241452853322
6.294256490952,0.6235496365997887
6.3016935801497,0.6254909963280146
6.3091482649842,0.6274483528468701
6.3166206079747,0.6294218314241082
6.3241106719368,0.6314115540399161
6.3316185199842,0.6334176392032428
6.3391442155309,0.6354402017626083
6.3466878222927,0.6374793527108626
6.3542494042891,0.6395351989837672
6.3618290258449,0.6416078432520028
6.369426751592401,0.6436973837066003
6.3770426464727,0.645803913837456
6.384676775738201,0.6479275222051154
6.3923292049541,0.6500682922055716
6.4,0.6522263018283523
6.4076892270725,0.6544016234076895
6.4153969526864,0.6565943233671183
6.4231232436772,0.6588044619575006
6.4308681672026,0.6610320929886478
6.4386317907445,0.6632772635547793
6.4464141821112,0.6655400137539513
6.4542154094393,0.6678203764017736
6.462035541195499,0.6701183767395336
6.4698746461787,0.6724340321371486
6.4777327935223,0.674767351791071
6.485610052695599,0.677118336417614
6.4935064935065006,0.679486977941843
6.5014221861032,0.6818732591825706
6.5093572009764005,0.6842771535336667
6.5173116089613,0.6866986246421222
6.5252854812398,0.6891376260833236
6.533278889342601,0.6915941010339239
6.5412919051513,0.6940679819427527
6.5493246009004995,0.6965591902003587
6.5573770491803,0.6990676358075386
6.565449322938,0.701593217043589
6.5735414954807005,0.704135820134679
6.5816536404771995,0.7066953189230696
6.5897858319605005,0.7092715745377675
6.5979381443299,0.7118644350673177
6.6061106523534,0.7144737352353809
6.6143034311699,0.717099296079875
6.6225165562914,0.7197409246364869
6.6307501036055,0.7223984136272341
6.6390041493776,0.7250715411550855
6.6472787702534,0.727760070405339
6.6555740432612005,0.7304637493547896
6.6638900458142,0.7331823104895416
6.6722268557131,0.7359154705325127
6.6805845511482005,0.7386629301815187
6.6889632107023,0.7414243738590603
6.6973629133529,0.7441994694748328
6.7057837384744,0.746987868202054
6.7142257658414,0.7497892042686573
6.7226890756303,0.7526030947645903
6.731173748422401,0.7554291394662404
6.7396798652064,0.7582669206793018
6.7482075073809,0.7611160031010756
6.7567567567568005,0.7639759337036084
6.765327695560299,0.7668462416387122
6.7739204064352,0.7697264381661352
6.782534972446,0.7726160166061204
6.7911714770798,0.7755144523174906
6.7998300042499,0.7784212027025229
6.8085106382979,0.7813357072397884
6.8172134639966,0.7842573875460819
6.8259385665528995,0.7871856474686599
6.8346860316104,0.790119873208895
6.8434559452523995,0.7930594334784327
6.852248394004301,0.7960036796888658
6.861063464837,0.7989519461760644
6.8699012451696,0.8019035504600167
6.8787618228719,0.8048577935411104
6.8876452862678,0.8078139602337996
6.8965517241379,0.8107713195383128
6.9054812257229,0.8137291250512219
6.914433880726,0.8166866154154571
6.9234097793163,0.8196430148103172
6.932409012131701,0.8225975334819685
6.941431670281999,0.825549368314727
6.9504778453519,0.828497703443436
6.9595476294041,0.8314417109070508
6.9686411149826,0.834380551343386
6.9777583951156,0.8373133747250605
6.9868995633188,0.8402393211361896
6.9960647135986,0.8431575215896453
7.0052539404553,0.8460670988841469
7.0144673388865,0.8489671685006819
7.0237050043898,0.8518568395371598
7.032967032967,0.8547352156805281
7.042253521126799,0.8576013962148928
7.051564565888101,0.8604544770644347
7.0609002647837995,0.8632935518694105
7.0702607158639,0.866117713093465
7.0796460176991,0.8689260531603038
7.0890562693841,0.8717176656174516
7.0984915705413,0.8744916463246477
7.1079520213239,0.8772470946642832
7.1174377224199,0.8799831147708701
7.1269487750557,0.882698816776434
7.1364852809991,0.8853933180684996
7.1460473425636,0.8880657445568818
7.1556350626118,0.8907152319454431
7.1652485445589,0.8933409270046639
7.1748878923767,0.8959419888405442
7.184553210597199,0.8985175901551411
7.1942446043165,0.9010669184938611
7.2039621791986,0.9035891774742422
7.2137060414788,0.9060835879909684
7.2234762979684,0.9085493893915337
7.2332730560579,0.9109858406169553
7.2430964237211,0.9133922213020039
7.2529465095195,0.9157678328295509
7.2628234226055,0.9181119993338298
7.2727272727273,0.9204240686482819
7.2826581702321,0.9227034131942169
7.2926162260711,0.924949430807965
7.3026015518028,0.9271615455056101
7.3126142595978,0.9293392081865975
7.3226544622426,0.9314818972796943
7.3327222731439,0.9335891193374931
7.3428178063331995,0.9356604095880171
7.3529411764706,0.9376953324544642
7.3630924988494995,0.9396934820548967
7.3732718894009,0.9416544826935076
7.383479464697699,0.9435779893520886
7.393715341959299,0.9454636881844783
7.403979639056001,0.9473112970076615
7.4142724745134,0.9491205657703903
7.4245939675174,0.9508912769664956
7.4349442379182005,0.9526232459446574
7.4453234062355005,0.954316321054668
7.4557315936626,0.9559703835635296
7.4661689220719,0.957585347275596
7.4766355140186995,0.9591611578018022
7.4871314927468005,0.9606977914420538
7.497656982193099,0.9621952536701454
7.5082121069920005,0.9636535772379766
7.5187969924811995,0.9650728199400984
7.5294117647059,0.9664530620967687
7.5400565504241,0.9677944038217189
7.5507314771118,0.9690969621383231
7.561436672967901,0.9703608679977347
7.5721722669191,0.9715862632370837
7.5829383886256,0.9727732974992562
7.593735168486,0.9739221251203716
7.6045627376426,0.9750329019804387
7.615421227986699,0.9761057823061371
7.6263107721639996,0.9771409154145555
7.63723150358,0.978138442390703
7.6481835564054,0.979098492700474
7.6591670655816,0.9800211807533867
7.6701821668265,0.9809066024454464
7.6812289966395,0.9817548317327544
7.6923076923077,0.9825659173103881
7.7034183919114,0.9833398795004854
7.7145612343298,0.9840767074876574
7.7257363592467,0.9847763570788511
7.7369439071567,0.9854387492057408
7.7481840193705,0.9860637694220243
7.7594568380213005,0.9866512686616963
7.770762506070899,0.9872010654903823
7.7821011673152,0.9877129499605201
7.7934729663906,0.9881866889263275
7.8048780487805,0.9886220322504349
7.8163165608207,0.9890187187622955
7.8277886497065,0.9893764802533067
7.8392944634983,0.9896950415336135
7.8508341511286,0.9899741150795529
7.8624078624079,0.9902133904041687
7.8740157480315,0.9904125207918626
7.885657959586,0.990571112443133
7.8973346495558,0.9906887218637068
7.909045971329699,0.9907648655170775
7.9207920792079,0.9907990418726943
7.9325731284085,0.9907907619653885
7.9443892750745,0.9907395824336949
7.9562406762805,0.9906451354088872
7.9681274900398,0.9905071517614599
7.9800498753117,0.9903254766633838
7.992007992007999,0.9901000781749374
8.0040020010005,0.9898310503382626
8.0160320641283,0.9895186122934498
8.0280983442047,0.9891631046102887
8.0402010050251,0.9887649836437817
8.0523402113739,0.9883248144212128
8.0645161290323,0.987843262388624
8.076728924785499,0.9873210842649887
8.0889787664307,0.9867591182354815
8.1012658227848,0.9861582737290375
8.1135902636917,0.9855195210457033
8.1259522600305,0.9848438811137781
8.1383519837233,0.9841324156583875
8.1507896077432,0.9833862180500732
8.1632653061224,0.9826064050753112
8.1757792539601,0.9817941098306606
8.1883316274309,0.9809504758914251
8.2009226037929,0.9800766528453552
8.2135523613963,0.9791737932142057
8.2262210796915,0.9782430507138037
8.2389289392379,0.977285579729696
8.251676121712201,0.9763025358148566
8.2644628099174,0.9752950769542023
8.277289187791,0.9742643652927754
8.290155440414502,0.9732115689969987
8.303061754021801,0.9721378639154808
8.316008316008299,0.9710444347302682
8.328995314940101,0.9699324753405035
8.3420229405631,0.9688031882947211
8.355091383811999,0.9676577831782086
8.368200836820101,0.9664974739586463
8.3813514929282,0.9653234753867665
8.3945435466946,0.9641369986280265
8.4077771939044,0.9629392463598822
8.421052631578899,0.9617314076015537
8.4343700579863,0.960514652548339
8.4477296726505,0.9592901276636243
8.461131676361699,0.9580589512427474
8.4745762711864,0.9568222096117833
8.4880636604775,0.9555809540668915
8.5015940488842,0.9543361986037059
8.515167642363,0.9530889184354772
8.5287846481876,0.9518400492573528
8.54244527496,0.9505904871834869
8.5561497326203,0.9493410892640525
8.569898232458499,0.9480926744795818
8.5836909871245,0.9468460251086518
8.5975282106394,0.9456018883701741
8.6114101184069,0.9443609782506225
8.6253369272237,0.943123977438906
8.639308855291599,0.9418915393041187
8.6533261222282,0.9406642898648481
8.6673889490791,0.9394428297104647
8.6814975583288,0.9382277358457558
8.695652173913,0.9370195634394506
8.7098530212303,0.9358188474646946
8.7241003271538,0.9346261042255929
8.738394320043701,0.9334418327685404
8.7527352297593,0.9322665161804613
8.7671232876712,0.9311006227782928
8.781558726674,0.9299446071958266
8.7960417811985,0.9287989113746705
8.810572687224699,0.9276639654666259
8.8251516822945,0.9265401886547631
8.839779005524901,0.9254279899002369
8.8544548976204,0.924327768621625
8.8691796008869,0.9232399153129041
8.8839533592449,0.9221648121058292
8.8987764182425,0.9211028332819035
8.913649025069601,0.9200543457385184
8.9285714285714,0.9190197094134867
8.9435438792622,0.9179992776717121
8.9585666293393,0.9169933976572492
8.9736399326977,0.9160024106137772
8.9887640449438,0.9150266521761715
9.0039392234102,0.9140664526355354
9.0191657271702,0.913122137179848
9.034443817052502,0.9121940261122742
9.049773755656101,0.9112824350488143
9.0651558073654,0.910387675097047
9.080590238365499,0.9095100530173229
9.0960773166572,0.9086498713678894
9.1116173120729,0.90780742863507
9.1272104962921,0.9069830193496452
9.1428571428571,0.9061769341904221
9.1585575271895,0.9053894600758555
9.1743119266055,0.9046208802443999
9.1901206203331,0.9038714743243603
9.205983889528198,0.9031415183935758
9.2219020172911,0.9024312850294962
9.237875288683599,0.9017410433498485
9.2539039907461,0.9010710590441139
9.2699884125145,0.9004215943958827
9.2861288450377,0.8997929082961045
9.3023255813953,0.8991852562470871
9.3185789167152,0.8985988903570612
9.3348891481914,0.8980340593250716
9.3512565751023,0.8974910084157247
9.367681498829,0.896969979423492
9.3841642228739,0.8964712106259303
9.400705052879001,0.8959949367252611
9.4173042966451,0.8955413887776568
9.4339622641509,0.8951107941094457
9.450679267572399,0.8947033762194081
9.4674556213018,0.8943193546662788
9.484291641968001,0.8939589449404473
9.5011876484561,0.8936223583187812
9.5181439619274,0.8933098017014324
9.5351609058403,0.8930214774294715
9.5522388059701,0.892757583081935
9.5693779904306,0.892518311251103
9.5865787896944,0.8923038492944917
9.6038415366146,0.892114379062241
9.621166566446199,0.8919500765984647
9.638554216867501,0.8918111118151031
9.6560048280024,0.8916976481370504
9.6735187424426,0.8916098421171692
9.6910963052695,0.8915478430201997
9.708737864077701,0.8915117923744436
9.726443768997,0.8915018234906019
9.7442143727162,0.8915180609471505
9.7620500305064,0.8915606200420758
9.7799511002445,0.8916296062111161
9.7979179424372,0.8917251144128518
9.815950920245399,0.891847228481601
9.8340503995083,0.8919960204492569
9.8522167487685,0.8921715498375984
9.8704503392967,0.8923738629230908
9.888751545117401,0.8926029919762171
9.9071207430341,0.8928589544779121
9.925558312655099,0.8931417523155375
9.9440646364201,0.8934513709610995
9.9626400996264,0.8937877786341596
9.9812850904554,0.8941509254519101
10.0,0.894540742568363
10.018785222292,0.8949571413044031
10.037641154329,0.8954000122697772
10.056568196103001,0.8958692244775475
10.07556675063,0.8963646244509624
10.094637223974999,0.8968860353217791
10.113780025284,0.8974332559186118
10.132995566814,0.8980060598430435
10.152284263959,0.8986041945307471
10.171646535283,0.8992273802941496
10.191082802548001,0.8998753093430618
10.210593490747,0.9005476447790686
10.230179028133,0.9012440195597109
10.249839846252,0.9019640354282241
10.269576379974,0.9027072618049149
10.289389067524,0.9034732346366569
10.309278350515,0.9042614552012317
10.329244673983,0.9050713888640523
10.349288486416999,0.9059024637853074
10.369410239793,0.9067540695763742
10.389610389609999,0.9076255559051702
10.409889394924999,0.9085162310508234
10.430247718382999,0.909425360409023
10.450685826257,0.9103521649501345
10.471204188482,0.9112958196329574
10.491803278689,0.9122554517779335
10.512483574244,0.9132301394041449
10.533245556287,0.914218909535377
10.554089709763,0.9152207364809616
10.575016523463,0.9162345400980108
10.596026490066,0.9172591840419936
10.617120106170999,0.9182934740134607
10.638297872339999,0.9193361560090065
10.659560293138,0.9203859145852973
10.68090787717,0.921441371145436
10.702341137124,0.9225010822575147
10.723860589812,0.9235635380155921
10.745466756212,0.9246271604540222
10.767160161507,0.9256903020264755
10.788941335131,0.9267512441615033
10.810810810810999,0.9278081959071547
10.832769126608,0.9288592926774427
10.854816824965999,0.9299025951142612
10.876954452752999,0.9309360880786635
10.899182561308,0.9319576797860454
10.921501706485,0.9329652011002003
10.9439124487,0.9339564050017608
10.966415352980999,0.9349289662469839
10.989010989011,0.9358804812331623
11.011699931176999,0.9368084680875088
11.034482758621,0.9377103669964681
11.057360055286999,0.9385835407928201
11.080332409972,0.9394252758179964
11.103400416378,0.9402327830772127
11.126564673156999,0.9410031997048367
11.149825783972,0.9417335907573229
11.173184357542,0.9424209513505708
11.196641007697998,0.943062209158238
11.220196353436,0.9436542272862459
11.243851018974,0.9441938075382716
11.267605633802999,0.9446776940850286
11.291460832745,0.9451025775487354
11.315417256011001,0.9454650995118254
11.339475549255999,0.9457618574562845
11.363636363636001,0.9459894101370163
11.387900355872,0.9461442833888889
11.412268188301999,0.9462229763630553
11.436740528949,0.9462219681838349
11.461318051575999,0.9461377250124656
11.48600143575,0.9459667074992556
11.510791366906,0.945705378601098
11.53568853641,0.9453502117365314
11.560693641618,0.9448976992473368
11.585807385951998,0.9443443611326141
11.611030478955,0.9436867540200495
11.636363636363999,0.9429214803390612
11.661807580175001,0.9420451976618166
11.687363038714,0.9410546281806458
11.713030746706,0.9399465682940092
11.738811445341,0.9387178982764517
11.764705882353,0.9373655920113764
11.790714812085,0.9358867267672589
11.816838995569,0.9342784929980295
11.843079200592,0.9325382041464633
11.86943620178,0.9306633064245838
11.895910780669,0.9286513885391501
11.922503725782,0.9265001913218934
11.949215832711,0.9242076172158467
11.976047904192,0.921771739560565
12.003000750188,0.9191908116117734
12.03007518797,0.9164632752251495
12.057272042200001,0.9135877691306689
12.084592145015,0.9105631367224608
12.112036336109,0.9073884332902594
12.139605462822,0.9040629326212241
12.167300380228,0.9005861329055846
12.19512195122,0.8969577618852298
12.2230710466,0.8931777811913494
12.251148545176,0.8892463898245837
12.279355333845,0.8851640267394599
12.307692307692,0.8809313725031066
12.336160370084999,0.8765493500067673
12.364760432767,0.8720191242173422
12.393493415957,0.8673421009639722
12.422360248447,0.8625199247630357
12.451361867704,0.8575544756922535
12.480499219969001,0.8524478653316123
12.50977326036,0.8472024317955593
12.539184952978,0.841820733887046
12.568735271013,0.8363055444097536
12.59842519685,0.830659842680166
12.628255722178,0.8248868062860428
12.658227848101,0.8189898021423315
12.68834258525,0.8129723768996675
12.718600953895,0.8068382467639807
12.749003984064,0.8005912867889555
12.779552715654999,0.7942355197055175
12.810248198559,0.7877751043544546
12.841091492777,0.7812143237897295
12.872083668544,0.7745575731206951
12.903225806452,0.767809347161847
12.934518997575,0.7609742279580844
12.965964343598,0.7540568722527677
12.997562956946,0.7470619989641212
13.029315960912,0.739994376733746
13.061224489796,0.7328588116083435
13.093289689034,0.7256601349129812
13.125512715340001,0.7184031913707805
13.157894736842,0.7110928275204271
13.190436933223,0.7037338804788726
13.223140495868,0.6963311670924841
13.256006628003,0.6888894735156085
13.28903654485,0.6814135452510218
13.322231473772002,0.6739080776822814
13.355592654424,0.6663777071233503
13.389121338912,0.6588270024066116
13.422818791946,0.651260457025591
13.456686291001,0.6436824818447494
13.490725126476,0.6360973983842884
13.524936601859999,0.6285094326840521
13.559322033898,0.6209227097467214
13.593882752760999,0.6133412485570497
13.628620102215,0.6057689576705126
13.663535439795,0.5982096313616733
13.698630136985999,0.5906669463199037
13.733905579399,0.5831444588774753
13.769363166954,0.5756456027529164
13.805004314064,0.5681736872905564
13.840830449827001,0.5607318961755321
13.876843018213,0.5533232866022021
13.913043478260999,0.545950788872614
13.949433304272,0.5386172064010702
13.986013986014001,0.531325216099954
14.022787028922,0.5240773691216906
14.059753954306,0.5168760919315051
14.096916299559,0.5097236876855326
14.134275618375002,0.5026223378891977
14.171833480957,0.4955741043108299
14.209591474245,0.4885809311261962
14.247551202137,0.48164464727004463
14.285714285714,0.474766968971546
14.324082363474002,0.46794950245126016
14.362657091562,0.4611937467582193
14.401440144014002,0.45450109672640804
14.440433212996,0.4478728460313049
14.479638009050001,0.44131019032774
14.519056261343,0.4348142304517041
14.558689717925,0.42838597566964814
14.598540145985,0.422026346959916
14.638609332112999,0.41573618031202186
14.678899082569,0.40951623003059917
14.719411223551,0.40336717203181793
14.760147601476,0.39728960712110234
14.801110083256,0.39128406424205053
14.842300556586,0.38535100368730774
14.883720930232998,0.37949082026316633
14.925373134328,0.3737038464004874
14.967259120673999,0.36799035520544854
15.009380863038999,0.3623505634443622
15.051740357479,0.3567846344576377
15.094339622642002,0.3512926809986104
15.137180700095,0.3458747679937037
15.180265654649,0.3405309152209496
15.223596574691001,0.3352610999045609
15.267175572519,0.3300652592236961
15.311004784688999,0.3249432927341598
15.355086372361,0.31989506470214246
15.399422521655,0.31492040634961105
15.444015444015,0.31001911801131715
15.488867376573,0.3051909712036624
15.533980582524,0.3004357106061276
15.579357351509,0.2957530559561331
15.625,0.2911427038584483
15.670910871694002,0.2866043295105604
15.717092337917,0.28213758834559605
15.76354679803,0.2777421175944156
15.810276679842,0.27341753776893196
15.85728444004,0.2691634540684966
15.904572564612002,0.2649794577115412
15.952143569292,0.2608651271946543
16.0,0.25682002948132143
